영상 제목,영상 URL,채널명,댓글 작성자,댓글 내용,좋아요 수,작성 시점,하트 여부,답글 여부
배달음식 때문에 1000만원 빚진 여자 ㄷㄷ,https://www.youtube.com/watch?v=TG1sv9V5WKc,주둥이방송,@주둥이방송,"사연자분께서 직접 해오신 변조라 과한 느낌이 있습니다.
평소엔 해도 이렇게 안할거니 너무 걱정 안하셔도 될 것 같슴다",3.2천,1년 전,X,일반댓글
배달음식 때문에 1000만원 빚진 여자 ㄷㄷ,https://www.youtube.com/watch?v=TG1sv9V5WKc,주둥이방송,@익명0010,"1. 문제상황 본인이 인식함 
2.해결하려고 노력함
3.타인(부모님은 아니고 정신과지만)의 도움 받아봄 
이거 3개만으로 ㄹㅇ 선녀다 응원해주고 싶음",1만,1년 전,X,일반댓글
배달음식 때문에 1000만원 빚진 여자 ㄷㄷ,https://www.youtube.com/watch?v=TG1sv9V5WKc,주둥이방송,@Nametag1235,"1. 양심 있음
2. 문제를 제대로 인식함
3. 문제를 해결하려고 다양한 방법을 시도함
4. 타인에게 도움을 구함
5. 피드백에 대한 경청과 적극적 수용

응원합니다 잘 되길 바랍니다",1.4천,1년 전,X,일반댓글
배달음식 때문에 1000만원 빚진 여자 ㄷㄷ,https://www.youtube.com/watch?v=TG1sv9V5WKc,주둥이방송,@hellohuman0710,주둥이가 변조한 건 줄 알았는데 알아서 변조해온 거 개웃기넼ㅋㅋㅋㅋㅋㅋ,3.5천,1년 전,X,일반댓글
배달음식 때문에 1000만원 빚진 여자 ㄷㄷ,https://www.youtube.com/watch?v=TG1sv9V5WKc,주둥이방송,@식빵-s5y,응원해주고 싶은 고민상담 진짜 처음인듯,4.4천,1년 전,X,일반댓글
배달음식 때문에 1000만원 빚진 여자 ㄷㄷ,https://www.youtube.com/watch?v=TG1sv9V5WKc,주둥이방송,@Yeoul821,얼마나 많은 진상들을 만났으면 변조해서 왔다고 칭찬을 해..,9.2천,1년 전,X,일반댓글
배달음식 때문에 1000만원 빚진 여자 ㄷㄷ,https://www.youtube.com/watch?v=TG1sv9V5WKc,주둥이방송,@김야옹-o3n,식욕억제제까지 했는데 시킨다? 이건 폭식은 서브인거지 메인문제가 따로 있다고봄,7.1천,1년 전,X,일반댓글
배달음식 때문에 1000만원 빚진 여자 ㄷㄷ,https://www.youtube.com/watch?v=TG1sv9V5WKc,주둥이방송,@뾰짝뾰짝_sori,이건 식욕의 문제가 아니라 다른 문제가 ㅠㅠ 다이어트 상담말고 심리상담을 받으세요 ㅠㅠ 진심임,3.7천,1년 전(수정됨),X,일반댓글
배달음식 때문에 1000만원 빚진 여자 ㄷㄷ,https://www.youtube.com/watch?v=TG1sv9V5WKc,주둥이방송,@pj_chaans0831,0:15 그동안 당한게 좀 있어서 음성 변조한것만으로도 칭찬 해줌 ㅋㅋㅋㅋㅋㅋㅋㅋ,4.2천,1년 전,X,일반댓글
배달음식 때문에 1000만원 빚진 여자 ㄷㄷ,https://www.youtube.com/watch?v=TG1sv9V5WKc,주둥이방송,@qoguehx,사연자분 뭔가 마음의 병이 있는거 같다.. 저 또한 배달음식 좋아하는것도 아닌데 하루에 한번 많으면 두번씩 시켜먹었던 시절이 있기에.. 마음 먹으셨을때 얼른 그 곳에서 헤어나오시길..,3.7천,1년 전,X,일반댓글
배달음식 때문에 1000만원 빚진 여자 ㄷㄷ,https://www.youtube.com/watch?v=TG1sv9V5WKc,주둥이방송,@sssjsjjj,"이런게 진짜 고민상담이지

지들이 빌런이라는 거에 취해서 자랑하듯이 떠벌리다가 방장에 시청자에 커뮤에서 뚜드려맞고 영상 내려달라고 하는 것들이랑 다르게

자신이 가진 문제 인정하고 해결하려고 많이 노력하고 ""전문적으로"" 문제 해결을 해 줄 수 있는 사람(여기선 정신과 의사)한테도 갔다 와서 단순히 인생선배와 다양한 사람들에게 조언과 팁을 얻어가는 거

사연자분 응원합니다! 저도 중독까지는 아니지만 배달 많이 시키던 때가 있었는데, 편의점 저렴한거 or 밀키트 같은거 만들어 먹으니깐 조금 자제 되더라고요",3.1천,1년 전,X,일반댓글
배달음식 때문에 1000만원 빚진 여자 ㄷㄷ,https://www.youtube.com/watch?v=TG1sv9V5WKc,주둥이방송,@박가은-y2y,자기 문제점 받아들이고 수용할려는게 좋다.,4.4천,1년 전,X,일반댓글
배달음식 때문에 1000만원 빚진 여자 ㄷㄷ,https://www.youtube.com/watch?v=TG1sv9V5WKc,주둥이방송,@YN_CHOI,부모님한테 말하는것도 ... 안들킬려고 업체까지써서 먹은거 숨길려고 하는 정도면 부모님이랑 상당히 부딪혀서 안좋은 소리를 들었다는건데.. 얘기를 털어놨을때 이해해주고 같이 헤쳐나가자 하는 긍정적 마인드의 부모님이면 몰라도...부모님은 잔소리 내지 너 잘되라고 하는 소리다 하고 상처되는 말 하시는 분들 계시는데 이럴경우 일까봐 좀 걱정되네요 식욕억제를 맞았는데도 시키는거보면 메인은 다른 문제에요 털어놨다가 메인문제에 더 악영향을 줄까봐 걱정이네요,1.3천,1년 전,X,일반댓글
배달음식 때문에 1000만원 빚진 여자 ㄷㄷ,https://www.youtube.com/watch?v=TG1sv9V5WKc,주둥이방송,@흑백쿤,7:55 아으 오랜만에 진짜 ㅈㄴ 훈훈마무리여서 보기좋다,2.5천,1년 전,X,일반댓글
배달음식 때문에 1000만원 빚진 여자 ㄷㄷ,https://www.youtube.com/watch?v=TG1sv9V5WKc,주둥이방송,@nnnnnn_sss,와  근데 사연자 마인드는 좋으심,2.1천,1년 전,X,일반댓글
배달음식 때문에 1000만원 빚진 여자 ㄷㄷ,https://www.youtube.com/watch?v=TG1sv9V5WKc,주둥이방송,@이름김-v9x,사연자님 식욕이 문제가 아니라 나도 모르게 우울증이 있으실 수도 있을거 같아요. 저도 한창 그런 적이 있었는데 편의점이나 배달을 잔득 시켜서 진짜 목 끝까지 차오르게 먹었었어요.  당연히 그런다고 만족감 이 드는게 아니라 기분만 나빴는데 다음에도 또다시 반복되더라구요. 분명히 좋지 않다는걸 알고 있는데도 당연하게 이만큼은 먹어야된다는 생각이 자꾸 들었어요. 병원서 식욕 억제제 처방 받아 먹어봤는데 딱히 큰 효과는 없더라구요.  비슷하게 먹는것 말고도 쇼핑하는것도 집착을 했는데 매달 옷을 몇벌이나 사댔어요. 비싸지 않은 옷들이였지만 그래도 매달 그러니 당연히 제 통장 상황도 좋지 않아졌죠. 문제가 있다는것을 알고 알아도 뭔가 계속 사게 되더라구요. 결국  우울증으로  상담 받고 약 처방 받아 먹으니 점차 나아졌어요. 이게 쇼핑이 좋고 먹는게 좋아서한게 아니라 뭔가 마음이 허하니까 자꾸 그렇게 돈 쓰는거에  집착하게 된것 같았어요. 사연자님께서도 문제점을 알고 계시니 가족과 병원의 도움 받으시고 얼른 상황이 좋아지시길 바랄게요.,2천,1년 전,X,일반댓글
배달음식 때문에 1000만원 빚진 여자 ㄷㄷ,https://www.youtube.com/watch?v=TG1sv9V5WKc,주둥이방송,@kkii_10,그 와중에 ㅋㅋㅋㅋ ㅜㅜ 남 걱정도 해주네 ㅋㅋㅋㅋㅋ 착해... ㅠㅠㅠㅠ 얼른 괜찮아지시길,564,1년 전,X,일반댓글
배달음식 때문에 1000만원 빚진 여자 ㄷㄷ,https://www.youtube.com/watch?v=TG1sv9V5WKc,주둥이방송,@엘리사구독해주세요,배달음식이 문제가 아니라 과소비도 충동인데 충동조절 자체를 못하시는 듯 진지하게 병원 가셔서 검사 받아보시고 치료하셔야 할 것 같아요 성인ADHD 같습니다.,324,1년 전(수정됨),X,일반댓글
배달음식 때문에 1000만원 빚진 여자 ㄷㄷ,https://www.youtube.com/watch?v=TG1sv9V5WKc,주둥이방송,@끼토-u2k,"제 예전 모습보는거 같아서 댓글 남깁니다. 저는 지금 20대 후반이고 불과 2-3년 전에만해도 게임중독+배달음식에 쩔어살던 사람이였어요. 게임과 음식에 쓰는 비용이 근로소득을 훨씬 뛰어 넘어 대출금액이 1500만원이 되었고 이 대출금액을 남자친구한테 들키면서 벌거숭이가 된 기분을 난생 처음느끼면서 제 인생 변환점이 됐습니다.. 
1. 저는 처음에 당장 게임부터 접고 게임에서 현금화 할 수 있는 아이템과 집에서 안쓰는 물건들을 전부 정리하여 800만원 정도 빚을 갚았습니다. 
2. 당시 몸무게도 최대 80키로까지 나갔고 헬스 PT를 여러번 받아보았지만 흥미가 생기지 않았고, (필라테스도 마찬가지) 우연히 스피닝 체험을 하게됐는데 재밌어서 현재 7개월째 타고 있습니다. 이전에는 식단만 꾸준히 했었고 (1년이상 식단만 했을때는 음식에 대한 집착이 사라지지 않아서 스트레스 받을땐 폭식증이 돋았습니다..) 지금 운동까지해서 총 30kg 정도 감량해서 S사이즈도 입고있네요😂 사연자님처럼 먹는걸로 스트레스 푸는 사람인데 운동을 시작하고 5개월정도 지나니까 운동으로 스트레스를 풀게되더라고요!! 진짜요!!!

결론은 몸이 건강해지니까 생각하는것도 조금씩 건강해지고 이전으로 돌아가고 싶지 않아집니다. 지금은 직장 한곳에 정착해서 적금도 들고 매달 돈도 갚다보니 이제 빚도 100만원 정도밖에 안남았네요.. 저같은 사람도 있으니 사연자님도 충분히 할 수 있습니다. 화이팅하세요!! 진심으로 응원합니다!",84,1년 전(수정됨),X,일반댓글
배달음식 때문에 1000만원 빚진 여자 ㄷㄷ,https://www.youtube.com/watch?v=TG1sv9V5WKc,주둥이방송,@익명0010,"개인적인 새로운 취미 돈 안드는걸로는
1. 집 근처인데 안가본 새로운 길로 산책하기
2. 공책에 멍하니 아무생각 의식의 흐름으로 쓰기(모닝페이지)
3. 방 이쁘게 치우고 정리하면서 나온 물건 당근에 팔기
이런거 추천",321,1년 전,X,일반댓글
배달음식 때문에 1000만원 빚진 여자 ㄷㄷ,https://www.youtube.com/watch?v=TG1sv9V5WKc,주둥이방송,@김은조-w2f,별로 안과하니까 그 부분에선 불편해할 사람 많이 없을 것 같아요!!,564,1년 전,X,답글
배달음식 때문에 1000만원 빚진 여자 ㄷㄷ,https://www.youtube.com/watch?v=TG1sv9V5WKc,주둥이방송,@labxbin,딱히 과하진 않고 오히려 귀여움,97,1년 전,X,답글
배달음식 때문에 1000만원 빚진 여자 ㄷㄷ,https://www.youtube.com/watch?v=TG1sv9V5WKc,주둥이방송,@LDH324,"할거면 이렇게 본인이 하라고 하는게 맞는거 같아요 목소리 변조 까는것도 다 시간이고 비용인데 이미 충분히 공지했으니 굳이 주둥이님이 직접 나서서 변조하는건 아니라고 봅니다.
빌런들이 목소리 변조 했다고 과연 가만히 있을까요?? 걔네들은 어떤 꼬투리를 잡아도 똑같이 빌런짓거리 할 애들입니다.",349,1년 전,X,답글
배달음식 때문에 1000만원 빚진 여자 ㄷㄷ,https://www.youtube.com/watch?v=TG1sv9V5WKc,주둥이방송,@ppeorov, @LDH324  아무리 상담해주는 비용이라도 저 상담 하나로 조회수 이만큼뽑으면서 하나당 '조회수로만' 100만원이나 버는데 그냥 해주는게 뭔 시간이고 비용이고ㅋㅋㅋㅋ어째서 감정이입한것처럼 말을 이렇게 하는거임?ㅋㅋㅋ 님은 너무 도덕적 성취감느끼면서 선민처럼 댓글다는것같음,5,1년 전,X,답글
배달음식 때문에 1000만원 빚진 여자 ㄷㄷ,https://www.youtube.com/watch?v=TG1sv9V5WKc,주둥이방송,@jjeonjjeon11,"듣기 불편한점 없었습니다!
앞으로 변조하는거 괜찮은거 같아요~~",44,1년 전,X,답글
배달음식 때문에 1000만원 빚진 여자 ㄷㄷ,https://www.youtube.com/watch?v=TG1sv9V5WKc,주둥이방송,@해달냥이,귀엽고 불쾌한 느낌 없었어요 오히려 좋은데요?,119,1년 전,X,답글
배달음식 때문에 1000만원 빚진 여자 ㄷㄷ,https://www.youtube.com/watch?v=TG1sv9V5WKc,주둥이방송,@amorfati1091,"이 분은 본인의 흠이라고 생각해서 직접 음성변조를 해오실만큼 정말 착한 분이고, 자기 객관화도 잘 되신 분이라 이정도는 시청자들이 절대 불편해하지 않을거임.
솔직히 돈도 천만원이면 사실 몇억대도 아니라 얼마든지 해결가능한 돈이고, 그냥 시간이 걸리겠지만 마음을 많이 돌보고 좋은 날만 있으셨음 좋겠음. 


+ 솔까 심지어 최근 본 주둥이 방송 중 제일 정상적인 사람임. 메타인지 높아서 팩폭할 필요도 없음.",11,1년 전,X,답글
배달음식 때문에 1000만원 빚진 여자 ㄷㄷ,https://www.youtube.com/watch?v=TG1sv9V5WKc,주둥이방송,@sear7328,과하지 않아요 좋습니다 !!,1,1년 전,X,답글
배달음식 때문에 1000만원 빚진 여자 ㄷㄷ,https://www.youtube.com/watch?v=TG1sv9V5WKc,주둥이방송,@wjqwjq-k2d,귀여워요,1,1년 전,X,답글
배달음식 때문에 1000만원 빚진 여자 ㄷㄷ,https://www.youtube.com/watch?v=TG1sv9V5WKc,주둥이방송,@Baddie-y8d,쇼츠 댓글이.....,1,1년 전,X,답글
배달음식 때문에 1000만원 빚진 여자 ㄷㄷ,https://www.youtube.com/watch?v=TG1sv9V5WKc,주둥이방송,@FOURKER,솔직히 사바사같은데 갠적으론 이정도는 과하다 생각 안듦,1,1년 전,X,답글
배달음식 때문에 1000만원 빚진 여자 ㄷㄷ,https://www.youtube.com/watch?v=TG1sv9V5WKc,주둥이방송,@akxbeuqbfmdjqbk,어차피 설령 못 알아들을 정도라 해도 자막이 있으니 괜찮습니다 ㅎㅎ,1,1년 전,X,답글
배달음식 때문에 1000만원 빚진 여자 ㄷㄷ,https://www.youtube.com/watch?v=TG1sv9V5WKc,주둥이방송,@둘이또같이,과하지 않는 변조였어요,1,1년 전,X,답글
배달음식 때문에 1000만원 빚진 여자 ㄷㄷ,https://www.youtube.com/watch?v=TG1sv9V5WKc,주둥이방송,@SH-hg7wf,전혀 과하지 않았고 오히려 재미있었어요~,1,1년 전,X,답글
배달음식 때문에 1000만원 빚진 여자 ㄷㄷ,https://www.youtube.com/watch?v=TG1sv9V5WKc,주둥이방송,@범고고래,이 정도로 해도 괜찮아용,0,1년 전,X,답글
배달음식 때문에 1000만원 빚진 여자 ㄷㄷ,https://www.youtube.com/watch?v=TG1sv9V5WKc,주둥이방송,@SpikeWalker96,ㅋㅋㅋ♥️🐇,0,1년 전,X,답글
배달음식 때문에 1000만원 빚진 여자 ㄷㄷ,https://www.youtube.com/watch?v=TG1sv9V5WKc,주둥이방송,@good_night01,지금 변조도 딱히 이상하단 생각 안들어요,0,1년 전,X,답글
배달음식 때문에 1000만원 빚진 여자 ㄷㄷ,https://www.youtube.com/watch?v=TG1sv9V5WKc,주둥이방송,@Delio_Rodíguez,불편해하는 사람이 찐따니까 굳이 설명 안하셔도 돼요,0,1년 전,X,답글
배달음식 때문에 1000만원 빚진 여자 ㄷㄷ,https://www.youtube.com/watch?v=TG1sv9V5WKc,주둥이방송,@농파우,남자친구가 빛만 없었어도 이렇게 힘들일이 아니었다...... 능력남이 괜히 인기있는게 아님ㅎㅎ,3,1년 전,X,답글
배달음식 때문에 1000만원 빚진 여자 ㄷㄷ,https://www.youtube.com/watch?v=TG1sv9V5WKc,주둥이방송,@akxbeuqbfmdjqbk,​ @농파우  남자친구에게 '빛'을 뺏으려 하시다니 ㄷㄷㄷ 너무 잔인한데요? ㄷㄷㄷ,0,1년 전,X,답글
배달음식 때문에 1000만원 빚진 여자 ㄷㄷ,https://www.youtube.com/watch?v=TG1sv9V5WKc,주둥이방송,@LDH324," @ppeorov  ㅋ 니가 목소리 변조된 영상 조회수 1만씩 봐줄거 아니면 니가 할 소리는 아님ㅋ
솔직히 변조된 목소리가 듣기 좋은 소리도 아니고 뭐 이쁘다고 노력을 들여서 목소리 변조까지 해줌??",0,1년 전(수정됨),X,답글
배달음식 때문에 1000만원 빚진 여자 ㄷㄷ,https://www.youtube.com/watch?v=TG1sv9V5WKc,주둥이방송,@nana-p7p1p, @LDH324 유튜브 영상감 제공해주는데 안 이쁠 이유는 뭐임? 돈줄인데,1,1년 전,X,답글
배달음식 때문에 1000만원 빚진 여자 ㄷㄷ,https://www.youtube.com/watch?v=TG1sv9V5WKc,주둥이방송,@kyyang9980,"정신과 다닌것부터가 최상위권임.
상황에따라 부모보다 정신과가 앞도적으로 좋음",263,1년 전,X,답글
배달음식 때문에 1000만원 빚진 여자 ㄷㄷ,https://www.youtube.com/watch?v=TG1sv9V5WKc,주둥이방송,@송은호-0912,여긴 댓글에서 조차 싸울려고 하냐,123,1년 전,X,답글
배달음식 때문에 1000만원 빚진 여자 ㄷㄷ,https://www.youtube.com/watch?v=TG1sv9V5WKc,주둥이방송,@이룸-v1v,저 프사 달고 시비 거는거 보니까 딱봐도 관종임..ㅇㅇ,83,1년 전,X,답글
배달음식 때문에 1000만원 빚진 여자 ㄷㄷ,https://www.youtube.com/watch?v=TG1sv9V5WKc,주둥이방송,@피곤한오리-k3t,저도 저  PT 진짜 극혐.. 누군가 내게 내가 한일에 대해 계속 피드백 주는게 너무싫어서 ... 차라리 에어로빅이나 댄스같은게 더 나았어요.,8,1년 전,X,답글
배달음식 때문에 1000만원 빚진 여자 ㄷㄷ,https://www.youtube.com/watch?v=TG1sv9V5WKc,주둥이방송,@800_ho,부모님보단 정신과 도움이 훨 나은듯,4,1년 전,X,답글
배달음식 때문에 1000만원 빚진 여자 ㄷㄷ,https://www.youtube.com/watch?v=TG1sv9V5WKc,주둥이방송,@rlight7350dd,이정도면 선녀,1,1년 전,X,답글
배달음식 때문에 1000만원 빚진 여자 ㄷㄷ,https://www.youtube.com/watch?v=TG1sv9V5WKc,주둥이방송,@HAR00-H,"근데 도움은 부모님보다 정신과가 더 낫지 않아요?
부모님은 그냥 잔소리하고 삼페.카드랑 통장 뺏는 거라 물리적인 도움이 좋지만요",0,1년 전,X,답글
배달음식 때문에 1000만원 빚진 여자 ㄷㄷ,https://www.youtube.com/watch?v=TG1sv9V5WKc,주둥이방송,@익명0010,요즘 아기들 다시보니 선녀같다 <- 이 밈 모르는구나^^;; 그럴수도 있지,4,10개월 전,X,답글
[Buzz] Customer unboxes delivery food and leaves it lined up in the hallway (12/08/2023/News Toda...,https://www.youtube.com/watch?v=6-UQbuxWjlM,MBCNEWS,@GOLDGYM.,그는 대체 어떤 삶을 살아온 걸까..,203,2년 전,X,일반댓글
[Buzz] Customer unboxes delivery food and leaves it lined up in the hallway (12/08/2023/News Toda...,https://www.youtube.com/watch?v=6-UQbuxWjlM,MBCNEWS,@ninoeltigre,나라가 점점 이상해지는거같아요 참 특이한 사람들이 점점 많아지네요,40,2년 전,X,일반댓글
[Buzz] Customer unboxes delivery food and leaves it lined up in the hallway (12/08/2023/News Toda...,https://www.youtube.com/watch?v=6-UQbuxWjlM,MBCNEWS,@이고은-o7c,헉 사진이랑 다르다고 저렇게까지ㅠ,25,2년 전,X,일반댓글
[Buzz] Customer unboxes delivery food and leaves it lined up in the hallway (12/08/2023/News Toda...,https://www.youtube.com/watch?v=6-UQbuxWjlM,MBCNEWS,@In_rang,별거 아닌일로 꼴통짓을 홍보하는데 정신질환이 심한듯,70,2년 전,X,일반댓글
[Buzz] Customer unboxes delivery food and leaves it lined up in the hallway (12/08/2023/News Toda...,https://www.youtube.com/watch?v=6-UQbuxWjlM,MBCNEWS,@commenter6951,서로 박 터지게 싸워서 좋은 세상 만들어다오. 연출사진 없는 가게와 진상손님 없는 세상 만들어다오.,80,2년 전,X,일반댓글
[Buzz] Customer unboxes delivery food and leaves it lined up in the hallway (12/08/2023/News Toda...,https://www.youtube.com/watch?v=6-UQbuxWjlM,MBCNEWS,@momu86,와 존나 피곤하겟다 저양반 주위사람들,37,2년 전,X,일반댓글
[Buzz] Customer unboxes delivery food and leaves it lined up in the hallway (12/08/2023/News Toda...,https://www.youtube.com/watch?v=6-UQbuxWjlM,MBCNEWS,@지로-b6r,사진에 모둠세트 이런식으로 올려놓고 구성품 빠진거면 빡칠만하겠는데,8,2년 전,X,일반댓글
[Buzz] Customer unboxes delivery food and leaves it lined up in the hallway (12/08/2023/News Toda...,https://www.youtube.com/watch?v=6-UQbuxWjlM,MBCNEWS,@Jkjk-i2c,사진과 너무다른것도 문제 다 뜯어고쳐야된다고본다 사기꾼 마인드로 장사하는 넘들 너무 많아 특히 남양주,5,2년 전(수정됨),X,일반댓글
[Buzz] Customer unboxes delivery food and leaves it lined up in the hallway (12/08/2023/News Toda...,https://www.youtube.com/watch?v=6-UQbuxWjlM,MBCNEWS,@6시내고환-x7e,연출사진으로 거짓말한 업주도망해야함,9,2년 전,X,일반댓글
[Buzz] Customer unboxes delivery food and leaves it lined up in the hallway (12/08/2023/News Toda...,https://www.youtube.com/watch?v=6-UQbuxWjlM,MBCNEWS,@심심혀-u8w,정보화시대가 감사한게 종이신문시절에는 알 수 없던 별의별 잡종들이 알아서 커밍아웃해줘 미리 피할 수 있게 해준다는거.,22,2년 전,X,일반댓글
[Buzz] Customer unboxes delivery food and leaves it lined up in the hallway (12/08/2023/News Toda...,https://www.youtube.com/watch?v=6-UQbuxWjlM,MBCNEWS,@wings5021,참 힘들게 사네~,14,2년 전,X,일반댓글
[Buzz] Customer unboxes delivery food and leaves it lined up in the hallway (12/08/2023/News Toda...,https://www.youtube.com/watch?v=6-UQbuxWjlM,MBCNEWS,@이창민-n9t,어휴 전액 환불해주고 저 손놈 면상에 음식 던져버리고 싶네 ^-^,56,2년 전,X,일반댓글
[Buzz] Customer unboxes delivery food and leaves it lined up in the hallway (12/08/2023/News Toda...,https://www.youtube.com/watch?v=6-UQbuxWjlM,MBCNEWS,@TV-pq2pf,"인생 정리 꼭 해주길, 그럴 용기가 있으면 좋으련만,",1,6개월 전,X,일반댓글
[Buzz] Customer unboxes delivery food and leaves it lined up in the hallway (12/08/2023/News Toda...,https://www.youtube.com/watch?v=6-UQbuxWjlM,MBCNEWS,@SL-os9fr,백반집사진보고 입장했다가 실물보고 실망한적 많아요 첫째 가지수가 너무 차이가 나서요,2,2년 전,X,일반댓글
[Buzz] Customer unboxes delivery food and leaves it lined up in the hallway (12/08/2023/News Toda...,https://www.youtube.com/watch?v=6-UQbuxWjlM,MBCNEWS,@minhohan9457,고객평가제 도입해라,4,2년 전,X,일반댓글
[Buzz] Customer unboxes delivery food and leaves it lined up in the hallway (12/08/2023/News Toda...,https://www.youtube.com/watch?v=6-UQbuxWjlM,MBCNEWS,@user-ro76vzr3v,사진이 뭘 얼마나 다른지 보고 싶네,2,2년 전,X,일반댓글
[Buzz] Customer unboxes delivery food and leaves it lined up in the hallway (12/08/2023/News Toda...,https://www.youtube.com/watch?v=6-UQbuxWjlM,MBCNEWS,@이종명-w2h,지도 똑같이 당해봐야돼. 환불까지는 몰라도 굳이 엿먹어라식의 대응은 인성이 보이네,7,2년 전,X,일반댓글
[Buzz] Customer unboxes delivery food and leaves it lined up in the hallway (12/08/2023/News Toda...,https://www.youtube.com/watch?v=6-UQbuxWjlM,MBCNEWS,@민유성-o5o,그렇게 따지면 홈런볼은 완전 사기지,3,2년 전,X,일반댓글
[Buzz] Customer unboxes delivery food and leaves it lined up in the hallway (12/08/2023/News Toda...,https://www.youtube.com/watch?v=6-UQbuxWjlM,MBCNEWS,@줘서보내,저건 정신과 의로해야한다 병원에 가있어야지 잘못하면 큰일난다,1,2년 전,X,일반댓글
[Buzz] Customer unboxes delivery food and leaves it lined up in the hallway (12/08/2023/News Toda...,https://www.youtube.com/watch?v=6-UQbuxWjlM,MBCNEWS,@홍남길-y6z,포장은 똑바로해서 두어야지,1,2년 전,X,일반댓글
[Buzz] Customer unboxes delivery food and leaves it lined up in the hallway (12/08/2023/News Toda...,https://www.youtube.com/watch?v=6-UQbuxWjlM,MBCNEWS,@cch1763,환불 하는 순간 자기것이 아닌데 왜 저런 짓을 할까?,7,2년 전,X,답글
[Buzz] Customer unboxes delivery food and leaves it lined up in the hallway (12/08/2023/News Toda...,https://www.youtube.com/watch?v=6-UQbuxWjlM,MBCNEWS,@gaeul7309,모양이나 형태 음식에 양 은 어는 정도 사진과 다른 거 이해한다만 구성 그자 채가 다르면 사기지,5,2년 전(수정됨),X,답글
[Buzz] Customer unboxes delivery food and leaves it lined up in the hallway (12/08/2023/News Toda...,https://www.youtube.com/watch?v=6-UQbuxWjlM,MBCNEWS,@shy1897,어떤삶이아니라 정신이상자같음,4,2년 전,X,답글
[Buzz] Customer unboxes delivery food and leaves it lined up in the hallway (12/08/2023/News Toda...,https://www.youtube.com/watch?v=6-UQbuxWjlM,MBCNEWS,@버내너맛우유-j8z,진상손놈들은 친구 없을 듯 ㅋㅋㅋ,3,2년 전,X,답글
[Buzz] Customer unboxes delivery food and leaves it lined up in the hallway (12/08/2023/News Toda...,https://www.youtube.com/watch?v=6-UQbuxWjlM,MBCNEWS,@호구럭스,"아니지 미필적고의로 과대홍보 광고로 
처벌이가능하고 예를들면 니들이 핸드폰 사는데 주변 기기들도 동봉될것처럼 앞에 나열하고 이모든걸 
3만9천900원에 라고해놓고 그중에 충전기는 안들어오고 다른액세서리만 들어오면 전화해서안따질거야?? 
저건 엄연히 업주잘못이맞음",4,2년 전,X,답글
[Buzz] Customer unboxes delivery food and leaves it lined up in the hallway (12/08/2023/News Toda...,https://www.youtube.com/watch?v=6-UQbuxWjlM,MBCNEWS,@oh-yu5up,그아줌마임ㅋㅋ,2,2년 전,X,답글
[Buzz] Customer unboxes delivery food and leaves it lined up in the hallway (12/08/2023/News Toda...,https://www.youtube.com/watch?v=6-UQbuxWjlM,MBCNEWS,@옥부니-g8u,전화해서 메뉴 구성 확인해보고 주문하면되지 세상 참 피곤하게 사네,1,2년 전,X,답글
[Buzz] Customer unboxes delivery food and leaves it lined up in the hallway (12/08/2023/News Toda...,https://www.youtube.com/watch?v=6-UQbuxWjlM,MBCNEWS,@사막남자,CCTV 모자이크 믿고 까불어서죠. CCTV 나오는 진상이나. 폭행범. 절도범. 얼굴 가려주니까 문제임. 옛날 처럼 얼굴 다까거나... 눈만 까만줄 해야... 저런짓들 못하죠..범죄자도 얼굴 가려주니까..미친넘들이 판을 치는것 같습니다.,2,2년 전,X,답글
[Buzz] Customer unboxes delivery food and leaves it lined up in the hallway (12/08/2023/News Toda...,https://www.youtube.com/watch?v=6-UQbuxWjlM,MBCNEWS,@smith5326,원래도 저런 사람들 많았어요. 다만 배답앱등 새로운 플랫폼들이 우후죽순 생겨나면서 새로운 문화가 생기면서 거기에대한 진상은 반드시 꼭 생기는 법이죠. 다만 현시점이 유튜브나 sns등이 가장 발달한 시대고 과거보다 훨씬 미친인간들이 많다고 체감적으로 느끼는거죠.,0,2년 전,X,답글
[Buzz] Customer unboxes delivery food and leaves it lined up in the hallway (12/08/2023/News Toda...,https://www.youtube.com/watch?v=6-UQbuxWjlM,MBCNEWS,@europa_jupiter_moon,원래 이상한 사람은 예나 지금이나 있어요 그런데 인터넷의 발달로 인해 이런 사람들의 모습을 쉽게 볼 수 있어서 많다고 느끼는 거죠,0,2년 전,X,답글
[Buzz] Customer unboxes delivery food and leaves it lined up in the hallway (12/08/2023/News Toda...,https://www.youtube.com/watch?v=6-UQbuxWjlM,MBCNEWS,@NoRaengs99,21세기 제갈량 ㄷㄷ,0,2년 전,X,답글
[Buzz] Customer unboxes delivery food and leaves it lined up in the hallway (12/08/2023/News Toda...,https://www.youtube.com/watch?v=6-UQbuxWjlM,MBCNEWS,@buena_park,캬아~~~~~,0,2년 전,X,답글
[Buzz] Customer unboxes delivery food and leaves it lined up in the hallway (12/08/2023/News Toda...,https://www.youtube.com/watch?v=6-UQbuxWjlM,MBCNEWS,@EricaHartmann.,결국 아무도남지못했다고함.,0,2년 전,X,답글
[Buzz] Customer unboxes delivery food and leaves it lined up in the hallway (12/08/2023/News Toda...,https://www.youtube.com/watch?v=6-UQbuxWjlM,MBCNEWS,@WORIETIWON,새상에 쉬운일 없다... 정성 친절을 다해야 살길.!!! 진실도 별명은 복차기,2,2년 전,X,일반댓글
[Buzz] Customer unboxes delivery food and leaves it lined up in the hallway (12/08/2023/News Toda...,https://www.youtube.com/watch?v=6-UQbuxWjlM,MBCNEWS,@엔서니-u0u,배달거부해야할듯,4,2년 전,X,일반댓글
[Buzz] Customer unboxes delivery food and leaves it lined up in the hallway (12/08/2023/News Toda...,https://www.youtube.com/watch?v=6-UQbuxWjlM,MBCNEWS,@NEW_KSY7007,"이사람들은 정말 악마다,,,,  천벌을 받을 것이다",1,2년 전,X,일반댓글
[Buzz] Customer unboxes delivery food and leaves it lined up in the hallway (12/08/2023/News Toda...,https://www.youtube.com/watch?v=6-UQbuxWjlM,MBCNEWS,@dahyelee2591,요즘은 자기가 뭐 하나 건수 잡으면 신나서 쥐 잡듯이 잡는 사람들이 많네... 이런것도 갑질 아닌가.. 잘못이 있지만 저렇게까지 쥐고 흔들만한 잘못은 아닌데.... 건수만 잡으면 갑질하는 놈들이...,3,2년 전,X,일반댓글
[Buzz] Customer unboxes delivery food and leaves it lined up in the hallway (12/08/2023/News Toda...,https://www.youtube.com/watch?v=6-UQbuxWjlM,MBCNEWS,@아딩구,그냥 저정도면 배달시켜먹기 힘든분일듯,2,2년 전,X,일반댓글
[Buzz] Customer unboxes delivery food and leaves it lined up in the hallway (12/08/2023/News Toda...,https://www.youtube.com/watch?v=6-UQbuxWjlM,MBCNEWS,@이광호-w8n,와 장사해먹기 힘들겟다,1,2년 전,X,일반댓글
[Buzz] Customer unboxes delivery food and leaves it lined up in the hallway (12/08/2023/News Toda...,https://www.youtube.com/watch?v=6-UQbuxWjlM,MBCNEWS,@eunkyungkim3641,땅덩이는  적은데  미친 놈은  왜 이렇게  많냐?,18,2년 전,X,일반댓글
[Buzz] Customer unboxes delivery food and leaves it lined up in the hallway (12/08/2023/News Toda...,https://www.youtube.com/watch?v=6-UQbuxWjlM,MBCNEWS,@midwestl7417,"누가 더 극단적인지 시합하는 나라, 우리나라 좋은 나라.",0,2년 전,X,일반댓글
[Buzz] Customer unboxes delivery food and leaves it lined up in the hallway (12/08/2023/News Toda...,https://www.youtube.com/watch?v=6-UQbuxWjlM,MBCNEWS,@신신-p4p,어떤삶을 살기에 저렇게 피해를 주나 그 인생 영원하기를 ㅋㅋㅋㅋㅋ,1,2년 전,X,일반댓글
[Buzz] Customer unboxes delivery food and leaves it lined up in the hallway (12/08/2023/News Toda...,https://www.youtube.com/watch?v=6-UQbuxWjlM,MBCNEWS,@달콤한별사탕-j3w,"업주도 사진 계시에 대한것은 잘못이지만 주문자가 더 좀 그러네여 애시당초 사진과 다르고 본인이 먹을것이 아니라면..
개봉해서 복도에 놔둬야 하나.?
저정도면 그냥 악의적인거 같은대여 
구매자는.. 그 해당 상품에 대해서 
반품에 경우 배달 원상태로 보존할 의무가 있는대...저렇게 하면 업주조차도 못먹게 되잖아....배떼기가 쳐 부르니까 음식 아까운지 모르고 참...",22,2년 전,X,일반댓글
[Buzz] Customer unboxes delivery food and leaves it lined up in the hallway (12/08/2023/News Toda...,https://www.youtube.com/watch?v=6-UQbuxWjlM,MBCNEWS,@최해송-n2p,소중국에서 일어난 일 치고 상당히 온건하네,1,2년 전(수정됨),X,일반댓글
[Buzz] Customer unboxes delivery food and leaves it lined up in the hallway (12/08/2023/News Toda...,https://www.youtube.com/watch?v=6-UQbuxWjlM,MBCNEWS,@opites7289,대가리에 모가 들었는지  열어보고 싶네....,2,2년 전,X,일반댓글
[Buzz] Customer unboxes delivery food and leaves it lined up in the hallway (12/08/2023/News Toda...,https://www.youtube.com/watch?v=6-UQbuxWjlM,MBCNEWS,@123qwe00,맛있겠다..  먹어두됨?,1,2년 전,X,일반댓글
[Buzz] Customer unboxes delivery food and leaves it lined up in the hallway (12/08/2023/News Toda...,https://www.youtube.com/watch?v=6-UQbuxWjlM,MBCNEWS,@user-qw9vp3pe2t,메밀값만 환불해주지.. 저 손님 대처도 문제지만 사장도 딱히.....,2,2년 전,X,일반댓글
[Buzz] Customer unboxes delivery food and leaves it lined up in the hallway (12/08/2023/News Toda...,https://www.youtube.com/watch?v=6-UQbuxWjlM,MBCNEWS,@김영웅-s8b,나도 사진보고 사기당한적있어서 꼭 손님잘못이라고는 말못하겠다 사진낚시 당하면 개빡치긴함,1,2년 전,X,일반댓글
[Buzz] Customer unboxes delivery food and leaves it lined up in the hallway (12/08/2023/News Toda...,https://www.youtube.com/watch?v=6-UQbuxWjlM,MBCNEWS,@풋.니까,똥과설사의 만남,1,2년 전,X,일반댓글
[Buzz] Customer unboxes delivery food and leaves it lined up in the hallway (12/08/2023/News Toda...,https://www.youtube.com/watch?v=6-UQbuxWjlM,MBCNEWS,@강남인싸,진짜 세상에 돌아이는 많다,0,2년 전,X,일반댓글
치킨 피자 떡볶이 한 번에 시켜 먹는 권력 있는 어른이 되자 | 여름방학 특집🌴 | 할명수 배달음식 몰아보기,https://www.youtube.com/watch?v=hFL56sG0Owo,할명수,@halmyungsoo,깨스들 9월 11일에 돌아올게😎,342,3일 전,X,일반댓글
치킨 피자 떡볶이 한 번에 시켜 먹는 권력 있는 어른이 되자 | 여름방학 특집🌴 | 할명수 배달음식 몰아보기,https://www.youtube.com/watch?v=hFL56sG0Owo,할명수,@akakakqqq,9/11 이 복귀,105,3일 전,X,일반댓글
치킨 피자 떡볶이 한 번에 시켜 먹는 권력 있는 어른이 되자 | 여름방학 특집🌴 | 할명수 배달음식 몰아보기,https://www.youtube.com/watch?v=hFL56sG0Owo,할명수,@qhrqhrqhr-v5j,jtbc 힘내서 명수 아저씨 데리고 와줘요ㅠㅠ,77,3일 전,X,일반댓글
치킨 피자 떡볶이 한 번에 시켜 먹는 권력 있는 어른이 되자 | 여름방학 특집🌴 | 할명수 배달음식 몰아보기,https://www.youtube.com/watch?v=hFL56sG0Owo,할명수,@봉동샹,아~~3 주만 기다리면 되는거야?😅 홧팅😂👍👍👍,46,3일 전,X,일반댓글
치킨 피자 떡볶이 한 번에 시켜 먹는 권력 있는 어른이 되자 | 여름방학 특집🌴 | 할명수 배달음식 몰아보기,https://www.youtube.com/watch?v=hFL56sG0Owo,할명수,@못끊겠쏭,"지코바 밥 비벼 먹는거 진짜 공감.ㅋㅋㅋㅋㅋ
내가 하고 싶은 말을 다해주네ㅋㅋㅋㅋㅋㅋㅋ",6,1일 전,X,일반댓글
치킨 피자 떡볶이 한 번에 시켜 먹는 권력 있는 어른이 되자 | 여름방학 특집🌴 | 할명수 배달음식 몰아보기,https://www.youtube.com/watch?v=hFL56sG0Owo,할명수,@돈아트-don,"이런것만 하니  조회수가!!!!!
밖으로나가서  리얼만담  이런거 했으면  빅명수특기는 리얼만담인데…",7,2일 전,X,일반댓글
치킨 피자 떡볶이 한 번에 시켜 먹는 권력 있는 어른이 되자 | 여름방학 특집🌴 | 할명수 배달음식 몰아보기,https://www.youtube.com/watch?v=hFL56sG0Owo,할명수,@tv7401,힘을내요 명수옹,13,3일 전,X,일반댓글
치킨 피자 떡볶이 한 번에 시켜 먹는 권력 있는 어른이 되자 | 여름방학 특집🌴 | 할명수 배달음식 몰아보기,https://www.youtube.com/watch?v=hFL56sG0Owo,할명수,@dwioiwdooj,8:17 우리가 하면 진절머리 나는 행동이지만 명수옹이 하니까 왜이리 웃기냐 ㅋㅋ,8,3일 전,X,일반댓글
치킨 피자 떡볶이 한 번에 시켜 먹는 권력 있는 어른이 되자 | 여름방학 특집🌴 | 할명수 배달음식 몰아보기,https://www.youtube.com/watch?v=hFL56sG0Owo,할명수,@q6p-u4n,복귀만 기다려요ㅜㅜ,20,3일 전,X,일반댓글
치킨 피자 떡볶이 한 번에 시켜 먹는 권력 있는 어른이 되자 | 여름방학 특집🌴 | 할명수 배달음식 몰아보기,https://www.youtube.com/watch?v=hFL56sG0Owo,할명수,@이상현-b6m5k,배달음식 몰아보기 영상 기다렸어요,13,3일 전,X,일반댓글
치킨 피자 떡볶이 한 번에 시켜 먹는 권력 있는 어른이 되자 | 여름방학 특집🌴 | 할명수 배달음식 몰아보기,https://www.youtube.com/watch?v=hFL56sG0Owo,할명수,@bloomycat4285,오오 그래도 다시 돌아오는군요 ㅠㅠㅠㅠ,9,3일 전,X,일반댓글
치킨 피자 떡볶이 한 번에 시켜 먹는 권력 있는 어른이 되자 | 여름방학 특집🌴 | 할명수 배달음식 몰아보기,https://www.youtube.com/watch?v=hFL56sG0Owo,할명수,@복실감자,7:45 여기부터시작 ㅋㅋㅋㅋㅋㅋㅋㅋㅋㅋ,5,2일 전,X,일반댓글
치킨 피자 떡볶이 한 번에 시켜 먹는 권력 있는 어른이 되자 | 여름방학 특집🌴 | 할명수 배달음식 몰아보기,https://www.youtube.com/watch?v=hFL56sG0Owo,할명수,@신라면1,돌고 돌아온겨😂😂😂,4,3일 전,X,일반댓글
치킨 피자 떡볶이 한 번에 시켜 먹는 권력 있는 어른이 되자 | 여름방학 특집🌴 | 할명수 배달음식 몰아보기,https://www.youtube.com/watch?v=hFL56sG0Owo,할명수,@자연-s1v,9월 11일에는 진짜로 봐요 💚💚💚,4,2일 전,X,일반댓글
치킨 피자 떡볶이 한 번에 시켜 먹는 권력 있는 어른이 되자 | 여름방학 특집🌴 | 할명수 배달음식 몰아보기,https://www.youtube.com/watch?v=hFL56sG0Owo,할명수,@starlight-wp8li,할명수는 보고 또봐도 재밌음 믿고 보는 명수옹❤ 9월 11일 할명수 새로운 에피소드 기대됨 밥친구는 할명수지!,3,2일 전,X,일반댓글
치킨 피자 떡볶이 한 번에 시켜 먹는 권력 있는 어른이 되자 | 여름방학 특집🌴 | 할명수 배달음식 몰아보기,https://www.youtube.com/watch?v=hFL56sG0Owo,할명수,@남희권-z4s,"와우 9.11. 새영상 오나요?
기대합니다뇨.
할명수팀. 제직진들.
명수님 ..홧팅하시고
좋은 영상 많이 보여주세요^^^",1,1일 전,X,일반댓글
치킨 피자 떡볶이 한 번에 시켜 먹는 권력 있는 어른이 되자 | 여름방학 특집🌴 | 할명수 배달음식 몰아보기,https://www.youtube.com/watch?v=hFL56sG0Owo,할명수,@nzeverhjnu,팬입니다 치킨의 고수  명수님 . .  영상 고 마 웡😊,1,2일 전,X,일반댓글
치킨 피자 떡볶이 한 번에 시켜 먹는 권력 있는 어른이 되자 | 여름방학 특집🌴 | 할명수 배달음식 몰아보기,https://www.youtube.com/watch?v=hFL56sG0Owo,할명수,@Ra-cx8jr,하... 먹방모음 너무좋다,1,1일 전,X,일반댓글
치킨 피자 떡볶이 한 번에 시켜 먹는 권력 있는 어른이 되자 | 여름방학 특집🌴 | 할명수 배달음식 몰아보기,https://www.youtube.com/watch?v=hFL56sG0Owo,할명수,@mina78-55,ㅠㅠㅠㅠㅠㅠ 아 빨리 와유 명수찡,1,1일 전,X,일반댓글
치킨 피자 떡볶이 한 번에 시켜 먹는 권력 있는 어른이 되자 | 여름방학 특집🌴 | 할명수 배달음식 몰아보기,https://www.youtube.com/watch?v=hFL56sG0Owo,할명수,@song-c3g,"전 후라이드 치킨 좋아하는데
명수님 치킨 먹는 영상 침너머갑니다😂😂😂",1,2일 전,X,일반댓글
치킨 피자 떡볶이 한 번에 시켜 먹는 권력 있는 어른이 되자 | 여름방학 특집🌴 | 할명수 배달음식 몰아보기,https://www.youtube.com/watch?v=hFL56sG0Owo,할명수,@marcherfente,야호~ 9/11일 생일인데!! 영상 기다리고 있을게요😆,9,3일 전,X,답글
치킨 피자 떡볶이 한 번에 시켜 먹는 권력 있는 어른이 되자 | 여름방학 특집🌴 | 할명수 배달음식 몰아보기,https://www.youtube.com/watch?v=hFL56sG0Owo,할명수,@코코가을1107,기다리고 있어요.🙆‍♀️,3,2일 전,X,답글
치킨 피자 떡볶이 한 번에 시켜 먹는 권력 있는 어른이 되자 | 여름방학 특집🌴 | 할명수 배달음식 몰아보기,https://www.youtube.com/watch?v=hFL56sG0Owo,할명수,@가리봉-f2u,"처음 보는 것 처럼 댓글 달고 있어요. 
연예인 걱정은 안 하는데 제작진분들 걱정은 하게 됩니다. 
앞으로도 명수횽 스타로 만들어주세요~",2,2일 전,X,답글
치킨 피자 떡볶이 한 번에 시켜 먹는 권력 있는 어른이 되자 | 여름방학 특집🌴 | 할명수 배달음식 몰아보기,https://www.youtube.com/watch?v=hFL56sG0Owo,할명수,@poiuy00-t,다행이다ㅜㅜ,2,2일 전,X,답글
치킨 피자 떡볶이 한 번에 시켜 먹는 권력 있는 어른이 되자 | 여름방학 특집🌴 | 할명수 배달음식 몰아보기,https://www.youtube.com/watch?v=hFL56sG0Owo,할명수,@알콜lovvee,오오오오!!!!,1,3일 전,X,답글
치킨 피자 떡볶이 한 번에 시켜 먹는 권력 있는 어른이 되자 | 여름방학 특집🌴 | 할명수 배달음식 몰아보기,https://www.youtube.com/watch?v=hFL56sG0Owo,할명수,@dlQmekwl,우와아.....너무너무 맛있겠ㄷr..♡,3,3일 전,X,일반댓글
치킨 피자 떡볶이 한 번에 시켜 먹는 권력 있는 어른이 되자 | 여름방학 특집🌴 | 할명수 배달음식 몰아보기,https://www.youtube.com/watch?v=hFL56sG0Owo,할명수,@JIJM,"할명수 독립하자
몰아보기도 재밌는",1,2일 전(수정됨),X,일반댓글
치킨 피자 떡볶이 한 번에 시켜 먹는 권력 있는 어른이 되자 | 여름방학 특집🌴 | 할명수 배달음식 몰아보기,https://www.youtube.com/watch?v=hFL56sG0Owo,할명수,@청아한청아,명수햄 입맛 저랑 존똑이라 재밌어욬ㅋㅋㅋㅋ,1,1일 전,X,일반댓글
치킨 피자 떡볶이 한 번에 시켜 먹는 권력 있는 어른이 되자 | 여름방학 특집🌴 | 할명수 배달음식 몰아보기,https://www.youtube.com/watch?v=hFL56sG0Owo,할명수,@y_manpizza,"38:46
봐도 봐도 질리지 않는 
명수님의 청년피자 먹방 💗🍕
리뉴얼되어 더 맛있게 돌아온
☁구름에그콘피자☁오늘 저녁 청년피자에서 만나보세요!",18,3일 전,X,일반댓글
치킨 피자 떡볶이 한 번에 시켜 먹는 권력 있는 어른이 되자 | 여름방학 특집🌴 | 할명수 배달음식 몰아보기,https://www.youtube.com/watch?v=hFL56sG0Owo,할명수,@Jay-jg7rf,예전 해피투게더 박상면 나왔을때 명수옹과 케미 진짜 재밌던데요. 서로 호통치고 ㅋㅋㅋㅋㅋ 약간 상황극 섞어서 두사람이 뭐라도 하면 재밌겠단 생각이 들어요. 명수옹 빨리 돌아와요.,2,3일 전,X,일반댓글
치킨 피자 떡볶이 한 번에 시켜 먹는 권력 있는 어른이 되자 | 여름방학 특집🌴 | 할명수 배달음식 몰아보기,https://www.youtube.com/watch?v=hFL56sG0Owo,할명수,@redcat2894,이신바예바ㅋㅋㅋ,2,3일 전,X,일반댓글
치킨 피자 떡볶이 한 번에 시켜 먹는 권력 있는 어른이 되자 | 여름방학 특집🌴 | 할명수 배달음식 몰아보기,https://www.youtube.com/watch?v=hFL56sG0Owo,할명수,@됴잉이-u8i,둘둘치킨 양념도 맛있는데 ㅠㅠㅠㅠㅠㅠㅠㅠ,1,3일 전,X,일반댓글
치킨 피자 떡볶이 한 번에 시켜 먹는 권력 있는 어른이 되자 | 여름방학 특집🌴 | 할명수 배달음식 몰아보기,https://www.youtube.com/watch?v=hFL56sG0Owo,할명수,@투디투디투디투디,명수옹은 바질을 좋아하는듯 바질옹,0,22시간 전,X,일반댓글
치킨 피자 떡볶이 한 번에 시켜 먹는 권력 있는 어른이 되자 | 여름방학 특집🌴 | 할명수 배달음식 몰아보기,https://www.youtube.com/watch?v=hFL56sG0Owo,할명수,@gundam777,😊😊😊😊😊😊😊😊,3,3일 전,X,일반댓글
치킨 피자 떡볶이 한 번에 시켜 먹는 권력 있는 어른이 되자 | 여름방학 특집🌴 | 할명수 배달음식 몰아보기,https://www.youtube.com/watch?v=hFL56sG0Owo,할명수,@강동휘-z9l,9월에복귀하는구나,2,3일 전,X,일반댓글
치킨 피자 떡볶이 한 번에 시켜 먹는 권력 있는 어른이 되자 | 여름방학 특집🌴 | 할명수 배달음식 몰아보기,https://www.youtube.com/watch?v=hFL56sG0Owo,할명수,@고산-ku7,명수형 머리 심지마 인기 떨어질꺼야~ 잘될꺼야 명수형,1,3일 전,X,일반댓글
치킨 피자 떡볶이 한 번에 시켜 먹는 권력 있는 어른이 되자 | 여름방학 특집🌴 | 할명수 배달음식 몰아보기,https://www.youtube.com/watch?v=hFL56sG0Owo,할명수,@김냠냠미영,60계치킨이 없다니이!!!!,0,19시간 전,X,일반댓글
치킨 피자 떡볶이 한 번에 시켜 먹는 권력 있는 어른이 되자 | 여름방학 특집🌴 | 할명수 배달음식 몰아보기,https://www.youtube.com/watch?v=hFL56sG0Owo,할명수,@민꼬-o4i,고추마요 짱,1,3일 전,X,일반댓글
치킨 피자 떡볶이 한 번에 시켜 먹는 권력 있는 어른이 되자 | 여름방학 특집🌴 | 할명수 배달음식 몰아보기,https://www.youtube.com/watch?v=hFL56sG0Owo,할명수,@Chunul0429,이렇게 보니깐 마음 편히 못먹고 순위 매기고 계시네 ㅋㅋㅋ,1,3일 전,X,일반댓글
치킨 피자 떡볶이 한 번에 시켜 먹는 권력 있는 어른이 되자 | 여름방학 특집🌴 | 할명수 배달음식 몰아보기,https://www.youtube.com/watch?v=hFL56sG0Owo,할명수,@beardool,"박명수 님 뵙고 싶습니다.
대화 소통 하고 싶내요",1,3일 전(수정됨),X,일반댓글
치킨 피자 떡볶이 한 번에 시켜 먹는 권력 있는 어른이 되자 | 여름방학 특집🌴 | 할명수 배달음식 몰아보기,https://www.youtube.com/watch?v=hFL56sG0Owo,할명수,@등심새우깡-p6k,"아 담주에 오는게 아니고 9월이였구나,,",6,3일 전,X,일반댓글
치킨 피자 떡볶이 한 번에 시켜 먹는 권력 있는 어른이 되자 | 여름방학 특집🌴 | 할명수 배달음식 몰아보기,https://www.youtube.com/watch?v=hFL56sG0Owo,할명수,@ウミウリ_Crinoids,총집편 말고 복귀를...,8,3일 전,X,일반댓글
치킨 피자 떡볶이 한 번에 시켜 먹는 권력 있는 어른이 되자 | 여름방학 특집🌴 | 할명수 배달음식 몰아보기,https://www.youtube.com/watch?v=hFL56sG0Owo,할명수,@j9u5whan,쌀통닭이 없네,1,2일 전,X,일반댓글
치킨 피자 떡볶이 한 번에 시켜 먹는 권력 있는 어른이 되자 | 여름방학 특집🌴 | 할명수 배달음식 몰아보기,https://www.youtube.com/watch?v=hFL56sG0Owo,할명수,@user-is059aqumze,"개인적으로 저랑 입맛이 비슷해서 아주 잘 참고하고 있는 깨스임니다
계속되길
꼭
돌아와여",3,2일 전,X,일반댓글
치킨 피자 떡볶이 한 번에 시켜 먹는 권력 있는 어른이 되자 | 여름방학 특집🌴 | 할명수 배달음식 몰아보기,https://www.youtube.com/watch?v=hFL56sG0Owo,할명수,@존찰스-u8s,박명수와 리센느 조합 기대됩니다. 복귀편으로 ㄱㄱ,16,3일 전,X,일반댓글
치킨 피자 떡볶이 한 번에 시켜 먹는 권력 있는 어른이 되자 | 여름방학 특집🌴 | 할명수 배달음식 몰아보기,https://www.youtube.com/watch?v=hFL56sG0Owo,할명수,@Mye_Craft,"저기서 시켜먹고 제일 후회한건 순살만공격 이었음 
1.5마리? 순살 조각조각이 닭갖고 장난치는 살? 튀김옷덩어리였음 ... 1번시키고 다신...",2,3일 전,X,일반댓글
치킨 피자 떡볶이 한 번에 시켜 먹는 권력 있는 어른이 되자 | 여름방학 특집🌴 | 할명수 배달음식 몰아보기,https://www.youtube.com/watch?v=hFL56sG0Owo,할명수,@user-vx5sc4kv5r,복귀라더니 또 몰아보기라니 이게 어떻게된거니 JTBC야...,46,3일 전,X,일반댓글
치킨 피자 떡볶이 한 번에 시켜 먹는 권력 있는 어른이 되자 | 여름방학 특집🌴 | 할명수 배달음식 몰아보기,https://www.youtube.com/watch?v=hFL56sG0Owo,할명수,@RiccardoMuti01,"날개먹으면 바람핀다고 들었어요.
여자도없는데...에이;
어제도  콤보로 먹었는데...",1,1일 전(수정됨),X,일반댓글
치킨 피자 떡볶이 한 번에 시켜 먹는 권력 있는 어른이 되자 | 여름방학 특집🌴 | 할명수 배달음식 몰아보기,https://www.youtube.com/watch?v=hFL56sG0Owo,할명수,@박쌤사고력수학공부방,저도 밥 싫어요,3,3일 전,X,일반댓글
치킨 피자 떡볶이 한 번에 시켜 먹는 권력 있는 어른이 되자 | 여름방학 특집🌴 | 할명수 배달음식 몰아보기,https://www.youtube.com/watch?v=hFL56sG0Owo,할명수,@Simone-k3p,"치밥 맛없어

공감",2,3일 전,X,일반댓글
대한민국 최고가 배달음식은 돈값 할까?,https://www.youtube.com/watch?v=0WPzR6kvVGk,고재영,@gojaeyoung,"⚪뭐든 직접해보는 남자 X 뭐든지 다 가는 미닉스 🚚

고재영 구독자 한정수량 특가  ➡ https://m.site.naver.com/26a2o
※ 이벤트 기간 : 4/23 ~ 4/30 (단, 일주일 특가)
※ [선착순 50명] 더 플렌더 MAX 전용 하드락 필터 추가 증정 !
※  준비한 물량이 적어 이벤트 종료 전 품절 상태일 수 있습니다. 구독자 분들의 너른 양해 바랍니다.

𝙀𝙑𝙀𝙉𝙏! 🚧구독자분들을 위한 이벤트  ➡ https://m.site.naver.com/26ab0
𝗦𝗧𝗘𝗣𝟭 재밌게 영상 시청 후 미닉스가 언급되도록 댓글 작성 ! 
𝗦𝗧𝗘𝗣𝟮 본인 댓글 캡쳐하고 구글폼 제출하면 끝!

🎁 선물 : 미닉스 더 플렌더 MAX (1명)
※ 당첨자 선정 : 익월 30일 내 문자 발표 (미 당첨자 별도 안내 X )",685,4개월 전,X,일반댓글
대한민국 최고가 배달음식은 돈값 할까?,https://www.youtube.com/watch?v=0WPzR6kvVGk,고재영,@cozypawpaws,이정도면 우낌표한테 찍기 쉬운 걸 주는게 아닌가 하는 생각이 든다,1만,4개월 전,X,일반댓글
대한민국 최고가 배달음식은 돈값 할까?,https://www.youtube.com/watch?v=0WPzR6kvVGk,고재영,@RabbitLionFox,제일 비싼 음식은 부모님 모신 거 너무 좋다,9.7천,4개월 전,X,일반댓글
대한민국 최고가 배달음식은 돈값 할까?,https://www.youtube.com/watch?v=0WPzR6kvVGk,고재영,@boris_jeon,킹크랩을 tlqkf 손질을 하나도 안하고 걍 쪄서 50만원 ㅊ받는 가게는 진짜 반성해라;;;;,4.4천,4개월 전,X,일반댓글
대한민국 최고가 배달음식은 돈값 할까?,https://www.youtube.com/watch?v=0WPzR6kvVGk,고재영,@cl2104,"킹크랩 안타깝네요
킹크랩이 물에 죽은채로 있어서 내장에 물이 찬거에요. 내장은 물에 다 희석됐구요.
그리고 하얀거는 피에요
피도 안빼고 쪄서 보낸거에요
업체 양심 없는 가게에요",2.2천,3개월 전,X,일반댓글
대한민국 최고가 배달음식은 돈값 할까?,https://www.youtube.com/watch?v=0WPzR6kvVGk,고재영,@duriantoad,"킹크랩 피도 제대로 안 빠져 있고 50만원에 밑반찬,포장도 신경 안 쓴건 좀 그렇네요ㅠㅠ",1.3천,4개월 전,X,일반댓글
대한민국 최고가 배달음식은 돈값 할까?,https://www.youtube.com/watch?v=0WPzR6kvVGk,고재영,@user-yz4iv2zn5t,진세님 보고 계시죠? 대한민국 최저가 배달음식 기대하겠습니다,3.1천,4개월 전,X,일반댓글
대한민국 최고가 배달음식은 돈값 할까?,https://www.youtube.com/watch?v=0WPzR6kvVGk,고재영,@기라티나-op,"저 킹크랩 파는 가게는 50만원에서 마진 한 20~25 넘게 남겼네 ㅋㅋㅋ
한놈만 걸려라 슛~",553,3개월 전,X,일반댓글
대한민국 최고가 배달음식은 돈값 할까?,https://www.youtube.com/watch?v=0WPzR6kvVGk,고재영,@lymae7297,20:21 킹크랩 업체: 풍산동 ㄷㅐ박ㅅㅗ망수산,757,3개월 전,X,일반댓글
대한민국 최고가 배달음식은 돈값 할까?,https://www.youtube.com/watch?v=0WPzR6kvVGk,고재영,@혀니-1009,킹크랩  비싸게 주시고 사셨는데 너무 피를 안빼고 쪄주신거 같아요ㅠ 저기 하얀색 울컥 나오는게 피가 굳어서 나오는건데 제대로 안빼고 찌면 짜기만하고 내장이 고소하게 안나와요ㅠ,715,4개월 전,X,일반댓글
대한민국 최고가 배달음식은 돈값 할까?,https://www.youtube.com/watch?v=0WPzR6kvVGk,고재영,@C_G77,"04:58 ""어? 그러네~?"" 한마디에 그전에 나왔던 여사친들과는 다름을 느껴버렸다",1.7천,4개월 전,X,일반댓글
대한민국 최고가 배달음식은 돈값 할까?,https://www.youtube.com/watch?v=0WPzR6kvVGk,고재영,@opopqja,"50만원짜리 킹크랩 먹는 것 보다
부모님과 사이좋고 화목해보여서 그게 제일 부러워요",548,4개월 전,X,일반댓글
대한민국 최고가 배달음식은 돈값 할까?,https://www.youtube.com/watch?v=0WPzR6kvVGk,고재영,@deinegueis3164,와 ㅋㅋㅋ 근데 진짜 돈값하는 항목이 어떻게 단 하나도 없냐 ㅋㅋㅋ 마지막은 진짜 어이가 없네 ㅋㅋㅋ 스끼하나 없냐,19,1개월 전,X,일반댓글
대한민국 최고가 배달음식은 돈값 할까?,https://www.youtube.com/watch?v=0WPzR6kvVGk,고재영,@iamjosephpark,재영아 스테이크 또 먹고 싶다,2.5천,4개월 전,X,일반댓글
대한민국 최고가 배달음식은 돈값 할까?,https://www.youtube.com/watch?v=0WPzR6kvVGk,고재영,@sam_dong,2:15 이젠 걍 타임랩스만 봐도 웃기네 ㅋㅋㅋㅋㅋㅋㅋㅋㅋㅋㅋㅋㅋㅋㅋㅋㅋ,1천,4개월 전,X,일반댓글
대한민국 최고가 배달음식은 돈값 할까?,https://www.youtube.com/watch?v=0WPzR6kvVGk,고재영,@dododdododdod,송희랑 밥 먹고 싶어서 컨텐츠 계획한 고재영은 개추 ㅋㅋ,5.7천,4개월 전,X,일반댓글
대한민국 최고가 배달음식은 돈값 할까?,https://www.youtube.com/watch?v=0WPzR6kvVGk,고재영,@한나두나-w3u,"+추가: 누가 받았는지는 몰라도 나는 아니니 사서 쓰라느니, 어쩌라느니 이제 그만해 이것들아

4형제 키우는 엄마입니다 미닉스 더 플렌더 MAX 꼭 필요해서 용기 내어 댓글 남겨요
아이들이 초등학생, 중학생이다 보니 하루 식사량이 정말 많아서 매일 고기 들어간 메인요리를 할 수밖에 없어요
그만큼 닭뼈, 생선뼈, 새우 껍데기 같은 음식물 쓰레기도 정말 많이 나오는데 하루만 지나도 냄새가 집 안에 꽉 차서 창문을 열어도 쉽게 빠지질 않더라고요
게다가 엘리베이터 없는 4층 빌라라서 음식물 쓰레기 버리러 하루에도 몇 번씩 오르내리다 보면 몸도 너무 지치고, 아이들 챙기면서 그 시간까지 내는 게 점점 버겁게 느껴져요...
조금이라도 쾌적한 집에서 아이들 키우고 싶고, 반복되는 이 힘든 집안일을 조금이나마 줄이고 싶은 마음에 미닉스 음식물처리기 이벤트 신청해봅니다
저희 집에 꼭 필요한 제품이라 간절한 마음으로 참여해요❤",2.1천,3개월 전(수정됨),X,일반댓글
대한민국 최고가 배달음식은 돈값 할까?,https://www.youtube.com/watch?v=0WPzR6kvVGk,고재영,@sksskdi,"게스트가 예상을 뛰어 넘네 ㅋㅋㅋ
해산물을 잘 아는 형이라길래
혹시 입질의 추억인가 했는데 
나선욱이 나와버리네",507,4개월 전,X,일반댓글
대한민국 최고가 배달음식은 돈값 할까?,https://www.youtube.com/watch?v=0WPzR6kvVGk,고재영,@bottle-S2,다음 우낌표 영상   '대한민국 최저가 배달음식은 돈값 할까?',2천,4개월 전,X,일반댓글
대한민국 최고가 배달음식은 돈값 할까?,https://www.youtube.com/watch?v=0WPzR6kvVGk,고재영,@MAD_POTATO0924,확실히 피디 유무가 크긴한듯 그동안 찍은것 많은데 혼자 편집할라니까 힘들었구나,548,4개월 전,X,일반댓글
대한민국 최고가 배달음식은 돈값 할까?,https://www.youtube.com/watch?v=0WPzR6kvVGk,고재영,@TV-ti9hl,쿠팡이더싼데...,12,4개월 전,X,답글
대한민국 최고가 배달음식은 돈값 할까?,https://www.youtube.com/watch?v=0WPzR6kvVGk,고재영,@BRAINID원,​ @TV-ti9hl 같은 모델?,2,4개월 전,X,답글
대한민국 최고가 배달음식은 돈값 할까?,https://www.youtube.com/watch?v=0WPzR6kvVGk,고재영,@세균맨-o3q,"미: 미래가 보이지 않는 절망 속에서도
닉: 닉부이치치처럼 포기만 하지 않는다면
스: 스마트한 미닉스 제가 가질수 있을까요?",5,4개월 전,X,답글
대한민국 최고가 배달음식은 돈값 할까?,https://www.youtube.com/watch?v=0WPzR6kvVGk,고재영,@텐랩스,바로 구매했어요,3,4개월 전,X,답글
대한민국 최고가 배달음식은 돈값 할까?,https://www.youtube.com/watch?v=0WPzR6kvVGk,고재영,@uelld1111,미닉스 더 플렌더의 제품을 사용하고 싶어하는 고양시 자취 대학생입니다. 하루 하루 바쁜 삶을 살면서 지내다 보니 집에 쌓여만 가는 쓰레기들만 보면 힘들고 특히 음식물 쓰레기를 처리할 때마다 고달픈 경험이 떠오르네요. 게다가 자취하는 상황이기에 제품을 직접 구매하여 사용하고 싶지만 비용 측면에서 너무 힘들다는 점이 크게 걸립니다. 이번 기회에 미닉스 더 플렌더 제품을 사용해보고 제품의 효과성을 느껴보고  싶습니다. 사용해보고 맘에 들면 용돈 모아 부모님께도 선물 드리고 싶네요. 또한 우리 고양시 시민인ㅎㅎ 고재영님 영상을 보며 세상의 재미를 찾아가고 있습니다. 앞으로 재밌고 심박한 영상 기대하겠습니다!!,3,4개월 전(수정됨),X,답글
대한민국 최고가 배달음식은 돈값 할까?,https://www.youtube.com/watch?v=0WPzR6kvVGk,고재영,@추피-t9l,미닉스 지려스~,2,4개월 전,X,답글
대한민국 최고가 배달음식은 돈값 할까?,https://www.youtube.com/watch?v=0WPzR6kvVGk,고재영,@chan__0o,미닉스 받고싶어요 제발 당첨되길.!!,2,4개월 전,X,답글
대한민국 최고가 배달음식은 돈값 할까?,https://www.youtube.com/watch?v=0WPzR6kvVGk,고재영,@김슨상-c2o,갖고싶다 미닉스,2,3개월 전,X,답글
대한민국 최고가 배달음식은 돈값 할까?,https://www.youtube.com/watch?v=0WPzR6kvVGk,고재영,@pakr-yy9zk,"요즘 제 하루는 정말 전쟁이에요. 쌍둥이 맘으로 산다는 게 이렇게까지 정신없을 줄은 몰랐어요.

아침에 눈 뜨자마자 두 아이 밥 챙기고, 간식 주고, 치우고… 잠깐 한눈 팔면 집은 금방 난장판이 됩니다. 특히 음식물 쓰레기는 정말 감당이 안 돼요. 애들 먹다 남긴 음식, 과일 껍질, 이유식 찌꺼기까지 하루만 지나도 봉투가 금방 차버리더라고요.

문제는 그 다음이에요. 냄새가 점점 올라오고, 날씨라도 더우면 벌레까지 꼬일까 봐 계속 신경 쓰이고… 애들 안고 있는 상태에서 쓰레기 들고 나가는 것도 너무 힘들어요. 비라도 오는 날엔 진짜 한숨부터 나옵니다.

가끔은 쓰레기 봉투 묶으면서 “내가 지금 이걸 하려고 이렇게 힘들게 살고 있나…” 싶은 생각이 들 때도 있어요. 아이들은 사랑스럽지만, 이런 사소한 일들이 쌓이니까 마음까지 점점 지치더라고요.

그래서 정말 간절하게 생각나는게 
미닉스 더 플랜더 음식물처리기 입니다.

음식물 쓰레기를 바로 처리할 수 있다면, 적어도 냄새 걱정이나 벌레 걱정 없이 아이들만 더 집중해서 돌볼 수 있을 것 같아요. 집안이 조금이라도 쾌적해지면 제 마음도 덜 지칠 것 같고요.

거창한 걸 바라는 게 아니라, 그냥 하루를 조금 덜 힘들게 살고 싶어요.
쌍둥이 키우는 이 생활 속에서… 정말 작은 여유 하나만 생겼으면 좋겠습니다.",2,3개월 전,X,답글
대한민국 최고가 배달음식은 돈값 할까?,https://www.youtube.com/watch?v=0WPzR6kvVGk,고재영,@송준화-f9k,할머니댁에서 매번 요리를 해드리며 당조절을 하고 있는데 요리를 자주하다보니 음식물쓰레기도 답이 없더라구요.  요리를 좋아해서 직접 만들어드리다보니 미닉스 블렌더 보니까 너무 탐이 나네요ㅜㅜ. 당첨되서 뒷처리까지. 깔끔한 요리하고 싶네요.,2,3개월 전,X,답글
대한민국 최고가 배달음식은 돈값 할까?,https://www.youtube.com/watch?v=0WPzR6kvVGk,고재영,@HelisXBG,😅😮,2,3개월 전,X,답글
대한민국 최고가 배달음식은 돈값 할까?,https://www.youtube.com/watch?v=0WPzR6kvVGk,고재영,@khj0803,8월 전역 예정자입니다. 미닉스로 부모님께 선물을 드리고싶습니당,1,4개월 전,X,답글
대한민국 최고가 배달음식은 돈값 할까?,https://www.youtube.com/watch?v=0WPzR6kvVGk,고재영,@sdzero77,진짜 다금바리보고싶어요😊,1,4개월 전,X,답글
대한민국 최고가 배달음식은 돈값 할까?,https://www.youtube.com/watch?v=0WPzR6kvVGk,고재영,@쌍디-s8d,"미닉스 더 플렌더 MAX 너무 갖고싶네요 ㅠㅠ 여자친구랑 동거하고 결혼까지 생각중인데 항상 음식물 때문에 날파리랑 벌레들이 꼬였는데
미닉스 더 플렌더 MAX 만 있으면 너무 쾌적하게 생활할수있겠네요!!
완전 구매하고싶습니다!",1,4개월 전,X,답글
대한민국 최고가 배달음식은 돈값 할까?,https://www.youtube.com/watch?v=0WPzR6kvVGk,고재영,@damintwo,3대가 같이 살고있어요~~ 70대중반이신 친정엄마는 음식물처리기? 으잉?하시겠지만 음식하고 나면 정말 음식물쓰레기 버리는게 너무 귀찮고 고층이다보니 엘베타고 내려갈때 중간에 멈추면 냄새때문에 괜히 눈치보이더라구요^^;;  미닉스는 사이즈도 컴팩트하고 초딩아이가 넣어도 될만큼 입구도 널찍해서 좋네요^^,1,4개월 전(수정됨),X,답글
대한민국 최고가 배달음식은 돈값 할까?,https://www.youtube.com/watch?v=0WPzR6kvVGk,고재영,@damintwo,업로드하려니 캡쳐업로드 계속실패하네요.ㅠ.ㅠ,1,4개월 전,X,답글
대한민국 최고가 배달음식은 돈값 할까?,https://www.youtube.com/watch?v=0WPzR6kvVGk,고재영,@유현식-k4e,"미닉스 받아서 부모님께 드려서 효도도 하고
음쓰처리하기 편하게 도와드리고싶네요~",1,4개월 전,X,답글
대한민국 최고가 배달음식은 돈값 할까?,https://www.youtube.com/watch?v=0WPzR6kvVGk,고재영,@DOADOY1,미닉스 좋아보임,1,4개월 전,X,답글
대한민국 최고가 배달음식은 돈값 할까?,https://www.youtube.com/watch?v=0WPzR6kvVGk,고재영,@tumo-h9v,저희 아부지도 음식물쓰레기 담당해서 버리시는데 요번에 정년퇴직한 기념으로 미닉스선물드려서 음식물쓰레기 담당도 퇴직시켜드리고싶네용 ㅎㅎ ❤,1,4개월 전,X,답글
대한민국 최고가 배달음식은 돈값 할까?,https://www.youtube.com/watch?v=0WPzR6kvVGk,고재영,@장민기임,미닉스 광고 다른 채널에서도 많이 봤는데 이렇게 컨텐츠로 활용하시니까 거리낌 없이 보게 돼네요ㅎㅎ 광고 한 번 더 받으면 어디까지 분해 되는지 시험하는 컨텐츠도 괜찮을 수도?,1,4개월 전,X,답글
대한민국 최고가 배달음식은 돈값 할까?,https://www.youtube.com/watch?v=0WPzR6kvVGk,고재영,@yeon5123,"요즘 음식물처리기가 계속 눈에 들어오더라고요.
아무래도 냄새 고민은 다들 비슷해서 그런가 봐요.
가격 때문에 조금 망설여지긴 해도,
하나 있으면 정말 편할 것 같다는 생각이 들어요.
미닉스 진짜 원해요... 1인가구 선물로 받고 싶어요",1,4개월 전,X,답글
대한민국 최고가 배달음식은 돈값 할까?,https://www.youtube.com/watch?v=0WPzR6kvVGk,고재영,@minari9192,음식물쓰레기 처리 너무 힘든데ㅜㅜ미닉스 음식물 처리기 탐나네용🥲,1,4개월 전,X,답글
대한민국 최고가 배달음식은 돈값 할까?,https://www.youtube.com/watch?v=0WPzR6kvVGk,고재영,@no-oo4jv,"이건 진짜 자취 필수템 느낌이네요…🔥
디자인도 예쁘고 성능까지 좋아 보여서 바로 눈길 갑니다
직접 써보고 인생템인지 확인해보고 싶어요!
좋은 기회 주시면 감사하겠습니다 🙌",1,4개월 전,X,답글
대한민국 최고가 배달음식은 돈값 할까?,https://www.youtube.com/watch?v=0WPzR6kvVGk,고재영,@zippyzigi,김포에서 제주도 하루 종일 비행기 몇번 왕복할수 있는지 보여주세요❤,1,4개월 전,X,답글
대한민국 최고가 배달음식은 돈값 할까?,https://www.youtube.com/watch?v=0WPzR6kvVGk,고재영,@헤이쥬-n8c,"음쓰 버리는 건 유부남의 숙명이라 받아들이고 살았는데요… 미닉스 쓰시는 모습보고 너무 좋아보여서 저도 바로 주문 완료했습니다ㅋㅋㅋ

근데 막상 사고 나니까, 사랑하는 와이프보다(?)
문득 본가 아버지랑 장인어른 얼굴이 먼저 스쳐 지나갔습니다…
‘아… 두 분도 지금쯤 조용히 음쓰 버리고 계시겠지…’
이 기쁨, 저만 누릴 수 없어서 처음으로 댓글 답니다ㅋㅋㅋ

국토종주편으로 영상접하게 돼서 항상 재밌게 보고 있습니다~ 고재영 화이팅😊😊",1,4개월 전,X,답글
대한민국 최고가 배달음식은 돈값 할까?,https://www.youtube.com/watch?v=0WPzR6kvVGk,고재영,@rh-97-p9m,"미닉스 더 플랜더 라는 음처기 브렌드는 재영님 통해서 처음 알게 되었네요 말로만 성능을 이렇다 저렇다 하는것 보다 직접 컨텐츠로 제작해서 성능을 보여주시는게 굉장히 인상 깊네요!
힘든 확률 뚫고 한번 도전해 보겠습니다!!!!",1,4개월 전(수정됨),X,답글
대한민국 최고가 배달음식은 돈값 할까?,https://www.youtube.com/watch?v=0WPzR6kvVGk,고재영,@curly_sem,"미 : 미닉스 더 플랜더 맥스
닉 : 닉값을 아주 지대로 하는구나
스 : 스피드하게 그리고 아주 잘근잘근 나의 음쓰들을 갈아다오",1,4개월 전,X,답글
대한민국 최고가 배달음식은 돈값 할까?,https://www.youtube.com/watch?v=0WPzR6kvVGk,고재영,@RAONK-z1c,"70대 어머니가 매일 음식쓰레기로 스트레스받으시는데
미닉스로 효도한번 해보고싶네요❤❤❤",1,4개월 전,X,답글
대한민국 최고가 배달음식은 돈값 할까?,https://www.youtube.com/watch?v=0WPzR6kvVGk,고재영,@유현석-j8w,이번에 수술하게 되어서 엄마한테 불효하는데 당첨되면 미닉스로 효도하고 싶습니다😅,0,4개월 전,X,답글
대한민국 최고가 배달음식은 돈값 할까?,https://www.youtube.com/watch?v=0WPzR6kvVGk,고재영,@진김-g7n,"싱크대 밑 배수구에 설치하는 음식물처리기 사용 하는데 계속 고장나고 스트레스 받아서 힘듭니다. 이참에 
버리고 1등 음식물 처리기 미닉스 더 플렌더(MAX)를 사용 해보고 싶습니다.!!",0,4개월 전(수정됨),X,답글
가성비 최악의 배달 음식 TOP 5 !! 이 영상 안 보면 손해봅니다!!,https://www.youtube.com/watch?v=a86pXKBwHDU,파뿌리,@파뿌리,여러분이 생각하는 최악의 가성비 배달 음식은 뭔가요?!,788,3년 전,O,일반댓글
가성비 최악의 배달 음식 TOP 5 !! 이 영상 안 보면 손해봅니다!!,https://www.youtube.com/watch?v=a86pXKBwHDU,파뿌리,@나가,궁금한 이야기:오누리님과 강호이님의 사이가 궁금합니다,2.1천,3년 전,X,일반댓글
가성비 최악의 배달 음식 TOP 5 !! 이 영상 안 보면 손해봅니다!!,https://www.youtube.com/watch?v=a86pXKBwHDU,파뿌리,@InSaYT1234,"컨텐츠 이름 '랭킹 짜오기' 어떤가요?
개인적으로 영상에 나온 충무김밥 정말 좋아하는데, 가성비가 아쉬운건 사실인 것 같아서 슬프네요😢",914,3년 전,X,일반댓글
가성비 최악의 배달 음식 TOP 5 !! 이 영상 안 보면 손해봅니다!!,https://www.youtube.com/watch?v=a86pXKBwHDU,파뿌리,@멜뤼진,쪽갈비도 시켜보면 고기 조금에 뼈 밖에 없어서 자주 사먹긴 좀 부담스러운듯,34,3년 전,X,일반댓글
가성비 최악의 배달 음식 TOP 5 !! 이 영상 안 보면 손해봅니다!!,https://www.youtube.com/watch?v=a86pXKBwHDU,파뿌리,@룰루랄라-s2i,옛날엔 아딸이나 죠스가 비싸다고 생각했는데 지금은 엄청 고마운 프렌차이즈,40,3년 전,X,일반댓글
가성비 최악의 배달 음식 TOP 5 !! 이 영상 안 보면 손해봅니다!!,https://www.youtube.com/watch?v=a86pXKBwHDU,파뿌리,@나뭇잎주스,노랭이님 진짜 복스럽게 잘묵네,40,3년 전,X,일반댓글
가성비 최악의 배달 음식 TOP 5 !! 이 영상 안 보면 손해봅니다!!,https://www.youtube.com/watch?v=a86pXKBwHDU,파뿌리,@아재개그권위자저교수,'짜슐랭 가이드' 이 이름으로 랭킹 컨텐츠 추천해요!!!,11,3년 전,X,일반댓글
가성비 최악의 배달 음식 TOP 5 !! 이 영상 안 보면 손해봅니다!!,https://www.youtube.com/watch?v=a86pXKBwHDU,파뿌리,@JjxJjk-c1c,1:28 근데 의외로 이 뼈에 붙어있는 살 뜯어먹는거 좋아하는사람도 많음.,3,7개월 전,X,일반댓글
가성비 최악의 배달 음식 TOP 5 !! 이 영상 안 보면 손해봅니다!!,https://www.youtube.com/watch?v=a86pXKBwHDU,파뿌리,@Big_laugher,이젠 사실상 치킨도 족발의 길을 걷고 있다는게 학계의 정설ㅜㅜ,12,3년 전,X,일반댓글
가성비 최악의 배달 음식 TOP 5 !! 이 영상 안 보면 손해봅니다!!,https://www.youtube.com/watch?v=a86pXKBwHDU,파뿌리,@페인트칠,소곱창이 비싼 이유:소곱창 한벌에 기름 제거하면 버리는게 많고 기름을 사람손으로 일일이 손질해서 그런 정성까지 해서 비싼듯 합니다.,30,3년 전,X,일반댓글
가성비 최악의 배달 음식 TOP 5 !! 이 영상 안 보면 손해봅니다!!,https://www.youtube.com/watch?v=a86pXKBwHDU,파뿌리,@qqqqwww01,추천합니다! 짜오의 랭킹쇼: 짜오가 선정한 가장 양이 많은 배달 음식,17,3년 전,X,일반댓글
가성비 최악의 배달 음식 TOP 5 !! 이 영상 안 보면 손해봅니다!!,https://www.youtube.com/watch?v=a86pXKBwHDU,파뿌리,@S14Miz2,"제가 작년에 들었던 제일 충격적인 말이 ""저 학생이라 떡볶이 그렇게 자주 못먹어요"" 였어요
그 말을 듣자마자 얼마나 많은 생각이 오가던지..",4,3년 전,X,일반댓글
가성비 최악의 배달 음식 TOP 5 !! 이 영상 안 보면 손해봅니다!!,https://www.youtube.com/watch?v=a86pXKBwHDU,파뿌리,@이름-t5i1x,"아 근데 떡볶이 예전엔 2~3000원하고 컵볶이는 500원인데 가격에 비해 맛이 넘 좋았음
근데 요즘은 15000원,8000원, 5500원
진짜 에바긴 함;;",12,3년 전,X,일반댓글
가성비 최악의 배달 음식 TOP 5 !! 이 영상 안 보면 손해봅니다!!,https://www.youtube.com/watch?v=a86pXKBwHDU,파뿌리,@hyxxjun1,프랜차이즈 떡볶이가 가성비 최악일줄은 몰랐네요.. 충무김밥은 진짜 너무 충격적이에요.. 아 그리고 이거 흥하면 다음 편도 만들겠다고 하셨잖아요 컨텐츠 이름 추천드릴게요! 짜오의 순위를 짜오쇼!!,72,3년 전,X,일반댓글
가성비 최악의 배달 음식 TOP 5 !! 이 영상 안 보면 손해봅니다!!,https://www.youtube.com/watch?v=a86pXKBwHDU,파뿌리,@user-jf6wz8eb4i,떡볶이는 맛은 그렇다 치고 양으로 치면 저 양은 저희 집 근처 어머니 어릴적부터 있었던 분식집 5천원 양 될까말까 합니다,11,3년 전,X,일반댓글
가성비 최악의 배달 음식 TOP 5 !! 이 영상 안 보면 손해봅니다!!,https://www.youtube.com/watch?v=a86pXKBwHDU,파뿌리,@MO-ou1bd,다음에 한다면 식당이랑 많이 다른 배달음식 TOP 5 하면 좋을듯하네요.,13,3년 전,X,일반댓글
가성비 최악의 배달 음식 TOP 5 !! 이 영상 안 보면 손해봅니다!!,https://www.youtube.com/watch?v=a86pXKBwHDU,파뿌리,@Sunflowrese,솔직히 프랜차이즈 떡볶이는 처음에 먹으려면 진입장벽이 조금 높긴 했죠. 며칠 전 시장에서 먹은 떡볶이가 3000원인데 생각보다 양이 많아서 놀랐는데...취업하기 전에는 알바로 돈을 벌어도 사먹기 아까운 느낌이 조금 있었으니,240,3년 전,X,일반댓글
가성비 최악의 배달 음식 TOP 5 !! 이 영상 안 보면 손해봅니다!!,https://www.youtube.com/watch?v=a86pXKBwHDU,파뿌리,@익명-j3o,충무김밥은 진짜.. 돈 아까움 오징어도 많이 주지도 않으면서,6,3년 전,X,일반댓글
가성비 최악의 배달 음식 TOP 5 !! 이 영상 안 보면 손해봅니다!!,https://www.youtube.com/watch?v=a86pXKBwHDU,파뿌리,@카이-v4o,충무김밥 원가율 쇼츠 영상이 다른데에서 최근에 올라왔는데 의외로 납득되는 가격이더군요,1,6개월 전(수정됨),X,일반댓글
가성비 최악의 배달 음식 TOP 5 !! 이 영상 안 보면 손해봅니다!!,https://www.youtube.com/watch?v=a86pXKBwHDU,파뿌리,@정진호-y6n,떡볶이는 진짜 공감 학교 끝나고 컵떡 500원이면 든든했는데 ㅋㅋ,19,3년 전,X,일반댓글
가성비 최악의 배달 음식 TOP 5 !! 이 영상 안 보면 손해봅니다!!,https://www.youtube.com/watch?v=a86pXKBwHDU,파뿌리,@피망이,충무김밥이요!,78,3년 전(수정됨),X,답글
가성비 최악의 배달 음식 TOP 5 !! 이 영상 안 보면 손해봅니다!!,https://www.youtube.com/watch?v=a86pXKBwHDU,파뿌리,@6kty3,충무김밥요 이건 진짜 쉴드 불가..,76,3년 전,X,답글
가성비 최악의 배달 음식 TOP 5 !! 이 영상 안 보면 손해봅니다!!,https://www.youtube.com/watch?v=a86pXKBwHDU,파뿌리,@정명주-r6v,김하고 밥뿐인데 엄청비쌈ㅇㅈㅇㅈ,0,3년 전,X,답글
가성비 최악의 배달 음식 TOP 5 !! 이 영상 안 보면 손해봅니다!!,https://www.youtube.com/watch?v=a86pXKBwHDU,파뿌리,@신자-g3e,계란말이요,13,3년 전,X,답글
가성비 최악의 배달 음식 TOP 5 !! 이 영상 안 보면 손해봅니다!!,https://www.youtube.com/watch?v=a86pXKBwHDU,파뿌리,@역사는침대위에서,"떡볶이 치킨 피자 곱창 김밥
배달비 포함시킴 기본 2만원은 훌쩍넘기는듯요",8,3년 전,X,답글
가성비 최악의 배달 음식 TOP 5 !! 이 영상 안 보면 손해봅니다!!,https://www.youtube.com/watch?v=a86pXKBwHDU,파뿌리,@TV-le1gn,충무김밥이요!,5,3년 전,X,답글
가성비 최악의 배달 음식 TOP 5 !! 이 영상 안 보면 손해봅니다!!,https://www.youtube.com/watch?v=a86pXKBwHDU,파뿌리,@냥아띠,찜닭도 비싼거 같던데요 요즘 치킨값 많이 비싸다고 하는데 찜닭은 치킨값에 1.5배쯤하는거 같던데요,4,3년 전,X,답글
가성비 최악의 배달 음식 TOP 5 !! 이 영상 안 보면 손해봅니다!!,https://www.youtube.com/watch?v=a86pXKBwHDU,파뿌리,@hikeense22," @냥아띠  그래도 찜닭은 가족이상 시켜서먹던가 꼬우면 재료사서 그냥 해먹어도됨
닭볶음탕용닭도 팔겠다. 양념도 따로 팔겠다.
요즘 손질된야채도 파니까 당면까지 사서 직접해먹을순있음 근데 치킨은 해먹기도 힘들어서 배달에 의존해야되는데  혼자서 1인1닭할정도로 양이 적은데 치킨값이 2만원임",1,3년 전,X,답글
가성비 최악의 배달 음식 TOP 5 !! 이 영상 안 보면 손해봅니다!!,https://www.youtube.com/watch?v=a86pXKBwHDU,파뿌리,@tv-zl9tp,재밌다😊😊,3,3년 전,X,답글
가성비 최악의 배달 음식 TOP 5 !! 이 영상 안 보면 손해봅니다!!,https://www.youtube.com/watch?v=a86pXKBwHDU,파뿌리,@꿀땡-i8z,전 곱창!!!,3,3년 전,X,답글
가성비 최악의 배달 음식 TOP 5 !! 이 영상 안 보면 손해봅니다!!,https://www.youtube.com/watch?v=a86pXKBwHDU,파뿌리,@하얀토끼-z9i,마카롱이요~,3,3년 전,X,답글
가성비 최악의 배달 음식 TOP 5 !! 이 영상 안 보면 손해봅니다!!,https://www.youtube.com/watch?v=a86pXKBwHDU,파뿌리,@TwinHead108,부침개 종류!!  그거 한 장가격이 웨케비싼건지..,3,3년 전,X,답글
가성비 최악의 배달 음식 TOP 5 !! 이 영상 안 보면 손해봅니다!!,https://www.youtube.com/watch?v=a86pXKBwHDU,파뿌리,@cheezedad,초밥 배부르게먹으려면 넘비쌈,3,3년 전,X,답글
가성비 최악의 배달 음식 TOP 5 !! 이 영상 안 보면 손해봅니다!!,https://www.youtube.com/watch?v=a86pXKBwHDU,파뿌리,@Daeyoung2013,총무김밥,22,3년 전,X,답글
가성비 최악의 배달 음식 TOP 5 !! 이 영상 안 보면 손해봅니다!!,https://www.youtube.com/watch?v=a86pXKBwHDU,파뿌리,@assuggum,떡볶이,2,3년 전,X,답글
가성비 최악의 배달 음식 TOP 5 !! 이 영상 안 보면 손해봅니다!!,https://www.youtube.com/watch?v=a86pXKBwHDU,파뿌리,@냥꼬5,순살치킨 비싸고 양이 적어요~ 그리고 또 김밥도 더 비싸짐 ㅜ 천원에 먹던 김밥이 어느새 2천5백원.....이러다가 더 있다가  만원에도 김밥 팔겟어요~ ㅠㅠ,2,3년 전(수정됨),X,답글
가성비 최악의 배달 음식 TOP 5 !! 이 영상 안 보면 손해봅니다!!,https://www.youtube.com/watch?v=a86pXKBwHDU,파뿌리,@akxbeuqbfmdjqbk, @냥꼬5  그거야ㅜ뭐 물가 상승이니 별 수가...,0,3년 전,X,답글
가성비 최악의 배달 음식 TOP 5 !! 이 영상 안 보면 손해봅니다!!,https://www.youtube.com/watch?v=a86pXKBwHDU,파뿌리,@하서진-b9o,치킨3만원,2,3년 전,X,답글
가성비 최악의 배달 음식 TOP 5 !! 이 영상 안 보면 손해봅니다!!,https://www.youtube.com/watch?v=a86pXKBwHDU,파뿌리,@ssam9589,쪽갈비....,2,3년 전,X,답글
가성비 최악의 배달 음식 TOP 5 !! 이 영상 안 보면 손해봅니다!!,https://www.youtube.com/watch?v=a86pXKBwHDU,파뿌리,@최진용-i9y,치킨....맛있긴 한데....,1,3년 전,X,답글
가성비 최악의 배달 음식 TOP 5 !! 이 영상 안 보면 손해봅니다!!,https://www.youtube.com/watch?v=a86pXKBwHDU,파뿌리,@부처_5877, @최진용-i9y  치킨 가성비가 제일 좋은거임;;,0,3년 전,X,답글
가성비 최악의 배달 음식 TOP 5 !! 이 영상 안 보면 손해봅니다!!,https://www.youtube.com/watch?v=a86pXKBwHDU,파뿌리,@KAMI카미,ㅋㅋ,1,3년 전,X,답글
가성비 최악의 배달 음식 TOP 5 !! 이 영상 안 보면 손해봅니다!!,https://www.youtube.com/watch?v=a86pXKBwHDU,파뿌리,@jh1341,치킨,1,3년 전,X,답글
가성비 최악의 배달 음식 TOP 5 !! 이 영상 안 보면 손해봅니다!!,https://www.youtube.com/watch?v=a86pXKBwHDU,파뿌리,@고냥이마리오,낙곱새요 이름이 낙곱새인데 양파랑 당면이 훨씬 많아요,1,3년 전,X,답글
가성비 최악의 배달 음식 TOP 5 !! 이 영상 안 보면 손해봅니다!!,https://www.youtube.com/watch?v=a86pXKBwHDU,파뿌리,@hikeense22, @남자박재현_1  BBQ는 킹정이지 그거 얹고 교촌치킨도 최악의 가성비 박스크기만보면 사이드메뉴사이즈인데 2만원넘게받음 닭다리사이즈가 그렇게 작을리가없는데,1,3년 전(수정됨),X,답글
가성비 최악의 배달 음식 TOP 5 !! 이 영상 안 보면 손해봅니다!!,https://www.youtube.com/watch?v=a86pXKBwHDU,파뿌리,@Fc-turkey,치킨,1,3년 전,X,답글
가성비 최악의 배달 음식 TOP 5 !! 이 영상 안 보면 손해봅니다!!,https://www.youtube.com/watch?v=a86pXKBwHDU,파뿌리,@임영한-i5c,다 비쌈!,1,3년 전,X,답글
가성비 최악의 배달 음식 TOP 5 !! 이 영상 안 보면 손해봅니다!!,https://www.youtube.com/watch?v=a86pXKBwHDU,파뿌리,@yoon0518,마카롱!!!,1,3년 전,X,답글
가성비 최악의 배달 음식 TOP 5 !! 이 영상 안 보면 손해봅니다!!,https://www.youtube.com/watch?v=a86pXKBwHDU,파뿌리,@쿠다12,커피와  디저트,1,3년 전,X,답글
가성비 최악의 배달 음식 TOP 5 !! 이 영상 안 보면 손해봅니다!!,https://www.youtube.com/watch?v=a86pXKBwHDU,파뿌리,@비박-z7c,1위충무2위 곱창,1,3년 전,X,답글
